{
    "train_loss": [
        1.8092126975188385,
        1.2518775293955933,
        1.085323211309072,
        0.9281928454701965,
        0.8463325081644831,
        0.7978549752686475,
        0.724700862491453,
        0.6783292575462444,
        0.6664879316010991,
        0.5882461622760102,
        0.5513958743697888,
        0.484913977618153,
        0.4804004519372373,
        0.43987056391464696,
        0.4567150888410774,
        0.34815391586036293,
        0.22944816363018913,
        0.13983865172879115,
        0.13138087063625054,
        0.10825983905611006,
        0.0984686046486368,
        0.09038792833736217,
        0.08288973778788303,
        0.0749807734155675,
        0.04230764110547465,
        0.04473957177754995,
        0.03689736864101645
    ],
    "train_acc": [
        42.55952380952381,
        58.375850340136054,
        64.1156462585034,
        68.45238095238095,
        71.47108843537416,
        72.61904761904762,
        75.63775510204081,
        76.27551020408163,
        77.67857142857143,
        79.67687074829932,
        80.78231292517007,
        82.48299319727892,
        83.6734693877551,
        85.0765306122449,
        83.63095238095238,
        87.67006802721089,
        92.38945578231292,
        95.70578231292517,
        95.66326530612245,
        96.5561224489796,
        96.59863945578232,
        97.32142857142857,
        97.40646258503402,
        97.1938775510204,
        99.06462585034014,
        98.76700680272108,
        99.02210884353741
    ],
    "val_loss": [
        1.504095159471035,
        1.4055658653378487,
        1.1625190824270248,
        1.0022164322435856,
        1.123993644490838,
        1.0344402641057968,
        0.9959398973733187,
        1.218832729384303,
        1.0820311196148396,
        0.9707753695547581,
        1.0637642983347178,
        1.1168828010559082,
        1.2342526651918888,
        1.067381091415882,
        1.1118083856999874,
        0.994168221950531,
        0.9259056057780981,
        0.9583384562283754,
        1.1759855225682259,
        1.1223512599244714,
        1.173759039491415,
        1.0650281496345997,
        1.2143410835415125,
        1.1824880065396428,
        1.1713381307199597,
        1.157433345913887,
        1.1994095472618937
    ],
    "val_acc": [
        49.801587301587304,
        53.96825396825397,
        63.888888888888886,
        65.27777777777777,
        66.26984126984127,
        63.69047619047619,
        66.46825396825396,
        63.69047619047619,
        66.46825396825396,
        69.24603174603175,
        70.63492063492063,
        69.04761904761905,
        66.46825396825396,
        68.25396825396825,
        69.44444444444444,
        71.42857142857143,
        74.4047619047619,
        75.7936507936508,
        74.60317460317461,
        73.61111111111111,
        73.61111111111111,
        72.61904761904762,
        74.0079365079365,
        74.0079365079365,
        75.39682539682539,
        76.19047619047619,
        74.8015873015873
    ],
    "learning_rates": [
        0.001,
        0.001,
        0.001,
        0.001,
        0.001,
        0.001,
        0.001,
        0.001,
        0.001,
        0.001,
        0.001,
        0.001,
        0.001,
        0.001,
        0.001,
        0.0005,
        0.0005,
        0.0005,
        0.0005,
        0.0005,
        0.0005,
        0.0005,
        0.00025,
        0.00025,
        0.00025,
        0.00025,
        0.00025
    ]
}